{"coverage": 97.46835443037975, "raw_data": {"meta": {"format": 2, "version": "7.5.0", "timestamp": "2024-05-03T07:37:24.545631", "branch_coverage": true, "show_contexts": false}, "files": {"poetry_to_pre_commit/__init__.py": {"executed_lines": [1, 3, 4, 6], "summary": {"covered_lines": 4, "num_statements": 4, "percent_covered": 100.0, "percent_covered_display": "100", "missing_lines": 0, "excluded_lines": 0, "num_branches": 0, "num_partial_branches": 0, "covered_branches": 0, "missing_branches": 0}, "missing_lines": [], "excluded_lines": [], "executed_branches": [], "missing_branches": []}, "poetry_to_pre_commit/common.py": {"executed_lines": [1, 3, 4, 5, 6, 7, 9, 10, 13, 14, 17, 18, 19, 20, 21, 22, 23, 26, 27, 28, 29, 32, 33, 34, 36, 37], "summary": {"covered_lines": 26, "num_statements": 26, "percent_covered": 100.0, "percent_covered_display": "100", "missing_lines": 0, "excluded_lines": 0, "num_branches": 8, "num_partial_branches": 0, "covered_branches": 8, "missing_branches": 0}, "missing_lines": [], "excluded_lines": [], "executed_branches": [[14, 13], [14, 14], [14, 26], [21, -13], [21, 22], [26, 27], [26, 28], [36, -32], [36, 37]], "missing_branches": []}, "poetry_to_pre_commit/sync_hooks_additional_dependencies.py": {"executed_lines": [1, 3, 4, 5, 6, 8, 9, 10, 12, 14, 17, 18, 19, 20, 21, 24, 27, 28, 29, 30, 31, 34, 35, 36, 37, 50, 55, 58, 59, 60, 61, 62, 63, 64, 66, 67, 68, 74, 77, 82, 84, 92, 108, 109, 110, 111, 112, 113, 114, 115, 117, 118, 120, 130, 136, 137, 139, 140, 142, 143, 144, 146, 147, 155], "summary": {"covered_lines": 64, "num_statements": 67, "percent_covered": 96.3855421686747, "percent_covered_display": "96", "missing_lines": 3, "excluded_lines": 0, "num_branches": 16, "num_partial_branches": 0, "covered_branches": 16, "missing_branches": 0}, "missing_lines": [69, 70, 157], "excluded_lines": [], "executed_branches": [[29, 30], [29, 31], [66, -58], [66, 67], [108, -92], [108, 109], [109, 108], [109, 110], [117, 118], [117, 120], [142, 143], [142, 146], [143, 142], [143, 144], [146, -130], [146, 147]], "missing_branches": []}, "poetry_to_pre_commit/sync_repos.py": {"executed_lines": [1, 3, 4, 5, 6, 7, 9, 11, 14, 15, 16, 17, 20, 21, 22, 23, 29, 39, 42, 45, 46, 47, 48, 52, 53, 55, 58, 59, 60, 61, 62, 63, 66, 69, 70, 71, 72, 73, 75, 78, 82, 83, 84, 85, 86, 87, 89, 90, 91, 93, 96, 101, 102, 104, 105, 106, 113, 114, 120, 129], "summary": {"covered_lines": 60, "num_statements": 61, "percent_covered": 98.76543209876543, "percent_covered_display": "99", "missing_lines": 1, "excluded_lines": 0, "num_branches": 20, "num_partial_branches": 0, "covered_branches": 20, "missing_branches": 0}, "missing_lines": [130], "excluded_lines": [], "executed_branches": [[14, 15], [14, 16], [29, -29], [29, 29], [29, 39], [46, -42], [46, 47], [61, 62], [61, 63], [69, -66], [69, 70], [72, 73], [72, 75], [83, -78], [83, 84], [90, 91], [90, 93], [104, -96], [104, 105], [114, -114], [114, 114], [114, 120]], "missing_branches": []}}, "totals": {"covered_lines": 154, "num_statements": 158, "percent_covered": 98.01980198019803, "percent_covered_display": "98", "missing_lines": 4, "excluded_lines": 0, "num_branches": 44, "num_partial_branches": 0, "covered_branches": 44, "missing_branches": 0}}, "coverage_path": "."}