{"coverage": 97.57575757575758, "raw_data": {"meta": {"format": 2, "version": "7.5.4", "timestamp": "2024-07-06T09:13:59.872306", "branch_coverage": true, "show_contexts": false}, "files": {"poetry_to_pre_commit/__init__.py": {"executed_lines": [1, 3, 4, 6], "summary": {"covered_lines": 4, "num_statements": 4, "percent_covered": 100.0, "percent_covered_display": "100", "missing_lines": 0, "excluded_lines": 0, "num_branches": 0, "num_partial_branches": 0, "covered_branches": 0, "missing_branches": 0}, "missing_lines": [], "excluded_lines": [], "executed_branches": [], "missing_branches": []}, "poetry_to_pre_commit/common.py": {"executed_lines": [1, 3, 4, 5, 6, 7, 9, 10, 13, 14, 17, 18, 19, 20, 21, 22, 23, 26, 27, 28, 29, 30, 32, 33, 34, 35, 37, 40, 41, 42, 44, 45], "summary": {"covered_lines": 32, "num_statements": 32, "percent_covered": 100.0, "percent_covered_display": "100", "missing_lines": 0, "excluded_lines": 0, "num_branches": 10, "num_partial_branches": 0, "covered_branches": 10, "missing_branches": 0}, "missing_lines": [], "excluded_lines": [], "executed_branches": [[14, 13], [14, 14], [14, 26], [21, -13], [21, 22], [26, 27], [26, 28], [33, 34], [33, 37], [44, -40], [44, 45]], "missing_branches": []}, "poetry_to_pre_commit/sync_hooks_additional_dependencies.py": {"executed_lines": [1, 3, 4, 5, 6, 8, 9, 10, 12, 14, 17, 18, 19, 20, 21, 24, 27, 28, 29, 30, 31, 34, 35, 36, 37, 50, 55, 58, 61, 62, 63, 64, 65, 66, 68, 69, 70, 76, 81, 86, 88, 91, 107, 108, 109, 110, 111, 112, 113, 114, 116, 117, 119, 127, 132, 138, 139, 141, 142, 144, 145, 146, 148, 149, 157], "summary": {"covered_lines": 65, "num_statements": 68, "percent_covered": 96.51162790697674, "percent_covered_display": "97", "missing_lines": 3, "excluded_lines": 0, "num_branches": 18, "num_partial_branches": 0, "covered_branches": 18, "missing_branches": 0}, "missing_lines": [71, 72, 159], "excluded_lines": [], "executed_branches": [[29, 30], [29, 31], [68, -58], [68, 69], [107, -91], [107, 108], [108, 107], [108, 109], [116, 117], [116, 119], [127, -127], [127, 108], [127, 127], [144, 145], [144, 148], [145, 144], [145, 146], [148, -132], [148, 149]], "missing_branches": []}, "poetry_to_pre_commit/sync_repos.py": {"executed_lines": [1, 3, 4, 5, 6, 7, 9, 11, 14, 15, 16, 17, 20, 21, 22, 23, 29, 39, 42, 45, 46, 47, 48, 52, 53, 55, 58, 59, 60, 61, 62, 63, 66, 69, 70, 71, 72, 73, 75, 78, 82, 83, 84, 85, 86, 87, 89, 90, 91, 93, 96, 101, 102, 104, 105, 106, 113, 114, 120, 129], "summary": {"covered_lines": 60, "num_statements": 61, "percent_covered": 98.76543209876543, "percent_covered_display": "99", "missing_lines": 1, "excluded_lines": 0, "num_branches": 20, "num_partial_branches": 0, "covered_branches": 20, "missing_branches": 0}, "missing_lines": [130], "excluded_lines": [], "executed_branches": [[14, 15], [14, 16], [29, -29], [29, 29], [29, 39], [46, -42], [46, 47], [61, 62], [61, 63], [69, -66], [69, 70], [72, 73], [72, 75], [83, -78], [83, 84], [90, 91], [90, 93], [104, -96], [104, 105], [114, -114], [114, 114], [114, 120]], "missing_branches": []}}, "totals": {"covered_lines": 161, "num_statements": 165, "percent_covered": 98.12206572769954, "percent_covered_display": "98", "missing_lines": 4, "excluded_lines": 0, "num_branches": 48, "num_partial_branches": 0, "covered_branches": 48, "missing_branches": 0}}, "coverage_path": "."}